pair_num,option,junction,junction_description,forward,reverse,amplicon_size,forward_tm,reverse_tm,forward_gc,reverse_gc,amplicon_tm,pair_penalty,other_transcripts,other_genes,pcod_transcripts,pcod_genes
Pair16,2,ENSE00001124039-ENSE00003591221,unique to target,ATTGCTCTCACTTGCCTTGG,TCCATACCATGCTGCCATTG,139,58.45750750896912,58.45750750896912,50.0,50.0,88.03499837782671,1.2373364818002417,,,0,0
Pair17,2,ENSE00001124039-ENSE00003591221,unique to target,TCATGGCGCTTTTGTTGACC,TCCATACCATGCTGCCATTG,165,59.68632811089276,59.68632811089276,50.0,50.0,88.42915577917834,1.3811721016621163,,,0,0
Pair18,2,ENSE00001124039-ENSE00003591221,unique to target,CTCATGGCGCTTTTGTTGAC,TCCATACCATGCTGCCATTG,166,58.31004075791674,58.31004075791674,50.0,50.0,88.55584435165005,1.3848032328526187,,,0,0
Pair19,2,ENSE00001124039-ENSE00003591221,unique to target,ACGGTCATTGCTCTCACTTG,TCCATACCATGCTGCCATTG,145,58.19919450690378,58.19919450690378,50.0,50.0,88.3560105336193,1.4956494838655772,,,0,0
Pair20,2,ENSE00001124039-ENSE00003591221,unique to target,ATGGCGCTTTTGTTGACCAC,TCCATACCATGCTGCCATTG,163,59.96800647892178,59.96800647892178,50.0,50.0,88.42264899353046,1.6628504696911364,,,0,0
Pair21,2,ENSE00001124039-ENSE00003591221,unique to target,ATTGCTCTCACTTGCCTTGG,TGATGCTCCATACCATGCTG,145,58.45750750896912,58.45750750896912,50.0,50.0,88.07325191292965,1.8080811849092695,,,0,0
Pair22,2,ENSE00001124039-ENSE00003591221,unique to target,TCATTGCTCTCACTTGCCTTG,TCCATACCATGCTGCCATTG,141,58.843082773687286,58.843082773687286,47.61904761904762,47.61904761904762,88.04811129175089,1.8517612170820712,,,0,0
Pair23,2,ENSE00001124039-ENSE00003591221,unique to target,ACGGTCATTGCTCTCACTTG,TGATGCTCCATACCATGCTG,151,58.19919450690378,58.19919450690378,50.0,50.0,88.37998861080588,2.0663941869746054,,,0,0
Pair24,2,ENSE00001124039-ENSE00003591221,unique to target,ATTGCTCTCACTTGCCTTGG,TTGATGCTCCATACCATGCTG,146,58.45750750896912,58.45750750896912,50.0,50.0,87.9389108642759,2.121278025251684,,,0,0
Pair25,2,ENSE00001124039-ENSE00003591221,unique to target,ATGGCGCTTTTGTTGACCAC,TGATGCTCCATACCATGCTG,169,59.96800647892178,59.96800647892178,50.0,50.0,88.44170733019145,2.2335951728001646,,,0,0
Pair26,2,ENSE00001124039-ENSE00003591221,unique to target,ACGGTCATTGCTCTCACTTG,TTGATGCTCCATACCATGCTG,152,58.19919450690378,58.19919450690378,50.0,50.0,88.24893249369191,2.3795910273170198,,,0,0
Pair27,2,ENSE00001124039-ENSE00003591221,unique to target,TCATTGCTCTCACTTGCCTTG,TGATGCTCCATACCATGCTG,147,58.843082773687286,58.843082773687286,47.61904761904762,47.61904761904762,88.08530914961743,2.4225059201910994,,,0,0
Pair28,2,ENSE00001124039-ENSE00003591221,unique to target,ATGGCGCTTTTGTTGACCAC,TTGATGCTCCATACCATGCTG,170,59.96800647892178,59.96800647892178,50.0,50.0,88.32416469183431,2.5467920131425785,,,0,0
Pair29,2,ENSE00001124039-ENSE00003591221,unique to target,ATTGCTCTCACTTGCCTTGG,CAGGTTGATGCTCCATACCATG,150,58.45750750896912,58.45750750896912,50.0,50.0,88.23945880948138,2.65973144477465,,,0,0
Pair30,2,ENSE00001124039-ENSE00003591221,unique to target,TCATTGCTCTCACTTGCCTTG,TTGATGCTCCATACCATGCTG,148,58.843082773687286,58.843082773687286,47.61904761904762,47.61904761904762,87.95270205272463,2.7357027605335134,,,0,0
Pair31,2,ENSE00001124039-ENSE00003591221,unique to target,ATTGCTCTCACTTGCCTTGG,CTGTCAGGTTGATGCTCCATAC,154,58.45750750896912,58.45750750896912,50.0,50.0,88.25816010818268,2.743782076908701,,,0,0
