pair_num,option,junction,junction_description,forward,reverse,amplicon_size,forward_tm,reverse_tm,forward_gc,reverse_gc,amplicon_tm,pair_penalty,indiv_als,other_transcripts,other_genes,pcod_trans,pcod_genes,Score
Pair0,2,ENSE00003637018-ENSE00003486035,"does NOT detect: ENST00000335542, ENST00000430179, ENST00000422159, ENST00000446937, ENST00000425479",GCTTGTACAACAGTCGTGGG,GCCCCCTTTGATGTTGGAAT,219,59.13423129734241,59.13423129734241,55.0,55.0,88.18548620674166,0.7061859562732593,0,,,0,0,96.4690702186337
Pair1,2,ENSE00003637018-ENSE00003486035,"does NOT detect: ENST00000335542, ENST00000430179, ENST00000422159, ENST00000446937, ENST00000425479",AGCCAGATGAGCGCTTCTAA,GCCCCCTTTGATGTTGGAAT,176,59.17328543375703,59.17328543375703,50.0,50.0,87.87991335493592,0.7452400926878795,0,,,0,0,96.2737995365606
Pair2,2,ENSE00003637018-ENSE00003486035,"does NOT detect: ENST00000335542, ENST00000430179, ENST00000422159, ENST00000446937, ENST00000425479",AAGCCAGATGAGCGCTTCTA,GCCCCCTTTGATGTTGGAAT,177,59.17328543375703,59.17328543375703,50.0,50.0,87.7701932727582,0.7452400926878795,0,,,0,0,96.2737995365606
Pair7,2,ENSE00003637018-ENSE00003486035,"does NOT detect: ENST00000335542, ENST00000430179, ENST00000422159, ENST00000446937, ENST00000425479",GCTTGTACAACAGTCGTGGG,GGAATCAAGCTGTCAGGGGT,204,59.13423129734241,59.13423129734241,55.0,55.0,88.02808626046178,0.8046355173264601,0,,,0,0,95.9768224133677
Pair8,2,ENSE00003637018-ENSE00003486035,"does NOT detect: ENST00000335542, ENST00000430179, ENST00000422159, ENST00000446937, ENST00000425479",GCTTGTACAACAGTCGTGGG,TGGAATCAAGCTGTCAGGGG,205,59.13423129734241,59.13423129734241,55.0,55.0,87.9326295411887,0.8049706877062022,0,,,0,0,95.97514656146899
Pair13,2,ENSE00003637018-ENSE00003486035,"does NOT detect: ENST00000335542, ENST00000430179, ENST00000422159, ENST00000446937, ENST00000425479",TGTACAACAGTCGTGGGAGT,GCCCCCTTTGATGTTGGAAT,216,58.59412776967969,58.59412776967969,50.0,50.0,88.07982917985176,0.977826889251162,0,,,0,0,95.11086555374419
Pair15,2,ENSE00003637018-ENSE00003486035,"does NOT detect: ENST00000335542, ENST00000430179, ENST00000422159, ENST00000446937, ENST00000425479",TGTACAACAGTCGTGGGAGT,GGAATCAAGCTGTCAGGGGT,201,58.59412776967969,58.59412776967969,50.0,50.0,87.91219512788933,1.0762764503043627,0,,,0,0,94.61861774847819
Pair16,2,ENSE00003637018-ENSE00003486035,"does NOT detect: ENST00000335542, ENST00000430179, ENST00000422159, ENST00000446937, ENST00000425479",TGTACAACAGTCGTGGGAGT,TGGAATCAAGCTGTCAGGGG,202,58.59412776967969,58.59412776967969,50.0,50.0,87.81589445304573,1.0766116206841048,0,,,0,0,94.61694189657948
Pair21,2,ENSE00003637018-ENSE00003486035,"does NOT detect: ENST00000335542, ENST00000430179, ENST00000422159, ENST00000446937, ENST00000425479",GCTTGTACAACAGTCGTGGG,CAACGCCCCCTTTGATGTTG,223,59.13423129734241,59.13423129734241,55.0,55.0,88.19936912338272,1.172574301361465,0,,,0,0,94.13712849319268
Pair22,2,ENSE00003637018-ENSE00003486035,"does NOT detect: ENST00000335542, ENST00000430179, ENST00000422159, ENST00000446937, ENST00000425479",AGCCAGATGAGCGCTTCTAA,CAACGCCCCCTTTGATGTTG,180,59.17328543375703,59.17328543375703,50.0,50.0,87.90390325392583,1.2116284377760849,0,,,0,0,93.94185781111958
Pair23,2,ENSE00003637018-ENSE00003486035,"does NOT detect: ENST00000335542, ENST00000430179, ENST00000422159, ENST00000446937, ENST00000425479",AAGCCAGATGAGCGCTTCTA,CAACGCCCCCTTTGATGTTG,181,59.17328543375703,59.17328543375703,50.0,50.0,87.79647538406701,1.2116284377760849,0,,,0,0,93.94185781111958
Pair24,2,ENSE00003637018-ENSE00003486035,"does NOT detect: ENST00000335542, ENST00000430179, ENST00000422159, ENST00000446937, ENST00000425479",GCTTGTACAACAGTCGTGGG,GAATCAAGCTGTCAGGGGTTC,203,59.13423129734241,59.13423129734241,55.0,55.0,87.92251299667349,1.22187693762163,0,,,0,0,93.89061531189185
Pair25,2,ENSE00003637018-ENSE00003486035,"does NOT detect: ENST00000335542, ENST00000430179, ENST00000422159, ENST00000446937, ENST00000425479",GCCAGATGAGCGCTTCTAAA,GCCCCCTTTGATGTTGGAAT,175,58.343347648661904,58.343347648661904,50.0,50.0,87.99088738090994,1.228607010268945,0,,,0,0,93.85696494865527
Pair33,2,ENSE00003637018-ENSE00003486035,"does NOT detect: ENST00000335542, ENST00000430179, ENST00000422159, ENST00000446937, ENST00000425479",GCTTGTACAACAGTCGTGGG,TTCAACGCCCCCTTTGATGT,225,59.13423129734241,59.13423129734241,55.0,55.0,88.02390325392581,1.313206699528109,0,,,0,0,93.43396650235945
Pair34,2,ENSE00003637018-ENSE00003486035,"does NOT detect: ENST00000335542, ENST00000430179, ENST00000422159, ENST00000446937, ENST00000425479",GCTTGTACAACAGTCGTGGG,GTTGGAATCAAGCTGTCAGGG,207,59.13423129734241,59.13423129734241,55.0,55.0,87.94255059692098,1.3192282064682672,0,,,0,0,93.40385896765866
Pair39,2,ENSE00003637018-ENSE00003486035,"does NOT detect: ENST00000335542, ENST00000430179, ENST00000422159, ENST00000446937, ENST00000425479",GCTTGTACAACAGTCGTGGG,TTGGAATCAAGCTGTCAGGG,206,59.13423129734241,59.13423129734241,55.0,55.0,87.83809958618042,1.339253582074832,0,,,0,0,93.30373208962584
Pair40,2,ENSE00003637018-ENSE00003486035,"does NOT detect: ENST00000335542, ENST00000430179, ENST00000422159, ENST00000446937, ENST00000425479",GCTTGTACAACAGTCGTGGG,AATCAAGCTGTCAGGGGTTC,202,59.13423129734241,59.13423129734241,55.0,55.0,87.81589445304573,1.3408074692023888,0,,,0,0,93.29596265398806
Pair41,2,ENSE00003637018-ENSE00003486035,"does NOT detect: ENST00000335542, ENST00000430179, ENST00000422159, ENST00000446937, ENST00000425479",GCTTGTACAACAGTCGTGGG,GAATCAAGCTGTCAGGGGTT,203,59.13423129734241,59.13423129734241,55.0,55.0,87.92251299667349,1.3408074692023888,0,,,0,0,93.29596265398806
Pair43,2,ENSE00003637018-ENSE00003486035,"does NOT detect: ENST00000335542, ENST00000430179, ENST00000422159, ENST00000446937, ENST00000425479",AGCCAGATGAGCGCTTCTAA,TTCAACGCCCCCTTTGATGT,182,59.17328543375703,59.17328543375703,50.0,50.0,87.6902280402506,1.3522608359427295,0,,,0,0,93.23869582028635
Pair45,2,ENSE00003637018-ENSE00003486035,"does NOT detect: ENST00000335542, ENST00000430179, ENST00000422159, ENST00000446937, ENST00000425479",AAGCCAGATGAGCGCTTCTA,TTCAACGCCCCCTTTGATGT,183,59.17328543375703,59.17328543375703,50.0,50.0,87.58514186959067,1.3522608359427295,0,,,0,0,93.23869582028635
