pair_num,option,junction,junction_description,forward,reverse,amplicon_size,forward_tm,reverse_tm,forward_gc,reverse_gc,amplicon_tm,other_transcripts_rpred,other_genes_rpred,indiv_als,other_transcripts,other_genes,pcod_trans,pcod_genes,other_genes_rpred_count,other_transcripts_rpred_count,pair_score
Pair1,2,ENSE00003893949-ENSE00003889953,"does NOT detect: ENST00000423353, ENST00000446829, ENST00000540980",ACTCTCACAACTGCACCCTT,TTATATTCGGCGTTTCGGGC,203,59.160053538687976,59.160053538687976,50.0,50.0,86.91266077992472,,,0,,,0,0,0,0,0.0
Pair3,2,ENSE00003893949-ENSE00003889953,"does NOT detect: ENST00000423353, ENST00000446829, ENST00000540980",ACAGCTCTTCCACTCACAGA,TTATATTCGGCGTTTCGGGC,222,58.29042218946154,58.29042218946154,50.0,50.0,87.18017953020208,,,0,,,0,0,0,0,37.78362309808176
Pair4,2,ENSE00003893949-ENSE00003889953,"does NOT detect: ENST00000423353, ENST00000446829, ENST00000540980",ACTCTCACAACTGCACCCTT,TATATTCGGCGTTTCGGGCA,202,59.160053538687976,59.160053538687976,50.0,50.0,87.00401326492691,,,0,,,0,0,0,0,46.470562434961195
Pair5,2,ENSE00003893949-ENSE00003889953,"does NOT detect: ENST00000423353, ENST00000446829, ENST00000540980",TCGGAGAGTTCTGGGATTGT,TTATATTCGGCGTTTCGGGC,113,58.06141537327596,58.06141537327596,50.0,50.0,81.29131721656103,,,0,,,0,0,0,0,53.529437565038805
Pair7,2,ENSE00003893949-ENSE00003889953,"does NOT detect: ENST00000423353, ENST00000446829, ENST00000540980",CACAGACTCTCACAACTGCA,TTATATTCGGCGTTTCGGGC,208,57.77032490087447,57.77032490087447,50.0,50.0,87.06042034794291,,,0,,,0,0,0,0,73.54393603227484
Pair8,2,ENSE00003893949-ENSE00003889953,"does NOT detect: ENST00000423353, ENST00000446829, ENST00000540980",ACAGACTCTCACAACTGCAC,TTATATTCGGCGTTTCGGGC,207,57.76878535752064,57.76878535752064,50.0,50.0,86.95221243266977,,,0,,,0,0,0,0,73.64979036629423
Pair9,2,ENSE00003893949-ENSE00003889953,"does NOT detect: ENST00000423353, ENST00000446829, ENST00000540980",TCCACTCACAGACTCTCACA,TTATATTCGGCGTTTCGGGC,214,57.63502764566971,57.63502764566971,50.0,50.0,87.113664416958,,,0,,,0,0,0,0,82.84656515845941
Pair10,2,ENSE00003893949-ENSE00003889953,"does NOT detect: ENST00000423353, ENST00000446829, ENST00000540980",ACAGCTCTTCCACTCACAGA,TATATTCGGCGTTTCGGGCA,221,58.29042218946154,58.29042218946154,50.0,50.0,87.26488867373477,,,0,,,0,0,0,0,84.25418553304296
Pair11,2,ENSE00003893949-ENSE00003889953,"does NOT detect: ENST00000423353, ENST00000446829, ENST00000540980",TCGGAGAGTTCTGGGATTGT,TATATTCGGCGTTTCGGGCA,112,58.06141537327596,58.06141537327596,50.0,50.0,81.40588738090995,,,0,,,0,0,0,0,100.0
