pair_num,option,junction,junction_description,forward,reverse,amplicon_size,forward_tm,reverse_tm,forward_gc,reverse_gc,amplicon_tm,indiv_als,other_transcripts,other_genes,pcod_trans,pcod_genes,other_genes_rpred,other_transcripts_rpred,pair_score
Pair18,1,ENSE00003700645-ENSE00003695658,does NOT detect: ENST00000463591,CCTTTCATATGTGAGGTCTGCC,GTAATGGTTCTTGCCCTCGC,177,58.79059005106916,58.79059005106916,50.0,50.0,88.6967469450746,0,,,0,0,0,0,19.186627907225283
Pair19,1,ENSE00003700645-ENSE00003695658,does NOT detect: ENST00000463591,TTCATATGTGAGGTCTGCCAC,GTAATGGTTCTTGCCCTCGC,174,57.73349043076064,57.73349043076064,47.61904761904762,47.61904761904762,88.574401338217,0,,,0,0,0,0,20.637638315804736
Pair20,1,ENSE00003700645-ENSE00003695658,does NOT detect: ENST00000463591,CGGTGAAGCCTTTCATATGTGA,GTAATGGTTCTTGCCCTCGC,185,58.729972857894836,58.729972857894836,45.45454545454545,45.45454545454545,88.92972907975165,0,,,0,0,0,0,20.72702656065889
Pair21,1,ENSE00003700645-ENSE00003695658,does NOT detect: ENST00000463591,GCCTTTCATATGTGAGGTCTGC,GTAATGGTTCTTGCCCTCGC,178,59.38408849120776,59.38408849120776,50.0,50.0,88.81339139375105,0,,,0,0,0,0,23.625543291072066
Pair22,1,ENSE00003700645-ENSE00003695658,does NOT detect: ENST00000463591,TTCATATGTGAGGTCTGCCACA,GTAATGGTTCTTGCCCTCGC,174,59.42879775655069,59.42879775655069,45.45454545454545,45.45454545454545,88.574401338217,0,,,0,0,0,0,24.761691115208354
Pair23,1,ENSE00003700645-ENSE00003695658,does NOT detect: ENST00000463591,CCTTTCATATGTGAGGTCTGCC,CCGGCGTGTAATGGTTCTTG,184,58.79059005106916,58.79059005106916,50.0,50.0,89.26380663556834,0,,,0,0,0,0,26.478001523400767
Pair30,1,ENSE00003698430-ENSE00003699796,does NOT detect: ENST00000463591,AGCAGCCGTACAGGTGTAAG,TTCTCGTGCTCGTGCTTCTT,175,59.753365172326085,59.753365172326085,55.0,55.0,88.9280302380528,0,,,0,0,0,0,0.0
Pair31,1,ENSE00003698430-ENSE00003699796,does NOT detect: ENST00000463591,GAGCAGCCGTACAGGTGTAA,TTCTCGTGCTCGTGCTTCTT,176,59.75446061864278,59.75446061864278,55.0,55.0,89.04468608220864,0,,,0,0,0,0,0.027837383138077976
Pair32,1,ENSE00003698430-ENSE00003699796,does NOT detect: ENST00000463591,AGCAGCCGTACAGGTGTAAG,GTGCTCGTGCTTCTTGAGG,170,59.753365172326085,59.753365172326085,55.0,55.0,89.04769410359901,0,,,0,0,0,0,4.816842094562259
Pair33,1,ENSE00003698430-ENSE00003699796,does NOT detect: ENST00000463591,GAGCAGCCGTACAGGTGTAA,GTGCTCGTGCTTCTTGAGG,171,59.75446061864278,59.75446061864278,55.0,55.0,89.16706114866267,0,,,0,0,0,0,4.844679477700336
Pair34,1,ENSE00003698430-ENSE00003699796,does NOT detect: ENST00000463591,AGCAGCCGTACAGGTGTAAG,CGTGCTCGTGCTTCTTGAG,171,59.753365172326085,59.753365172326085,55.0,55.0,89.16706114866267,0,,,0,0,0,0,6.462529320290875
Pair35,1,ENSE00003698430-ENSE00003699796,does NOT detect: ENST00000463591,AGCAGCCGTACAGGTGTAAG,CTCGTGCTCGTGCTTCTTG,173,59.753365172326085,59.753365172326085,55.0,55.0,89.1646611216201,0,,,0,0,0,0,6.462529320290875
Pair42,1,ENSE00003699796-ENSE00003701891,does NOT detect: ENST00000463591,ACGAGAACGCACCAGTGAG,CGTTTCTCTGTTCGCGTTGA,190,60.00727051518612,60.00727051518612,57.89473684210526,57.89473684210526,86.88051144106032,0,,,0,0,0,0,11.07497475522637
Pair43,1,ENSE00003699796-ENSE00003701891,does NOT detect: ENST00000463591,ACGAGAACGCACCAGTGAG,CTCTGTTCGCGTTGATGCTT,185,60.00727051518612,60.00727051518612,57.89473684210526,57.89473684210526,86.93513448515705,0,,,0,0,0,0,12.538115506257185
Pair44,1,ENSE00003699796-ENSE00003701891,does NOT detect: ENST00000463591,ACGAGAACGCACCAGTGAG,TTCTCTGTTCGCGTTGATGC,187,60.00727051518612,60.00727051518612,57.89473684210526,57.89473684210526,86.73753367579154,0,,,0,0,0,0,12.59993778865114
Pair45,1,ENSE00003699796-ENSE00003701891,does NOT detect: ENST00000463591,ACGAGAACGCACCAGTGAG,TCTGTTCGCGTTGATGCTTG,184,60.00727051518612,60.00727051518612,57.89473684210526,57.89473684210526,86.8127196790466,0,,,0,0,0,0,19.656551291251148
Pair46,1,ENSE00003699796-ENSE00003701891,does NOT detect: ENST00000463591,GAGAACGCACCAGTGAGC,CGTTTCTCTGTTCGCGTTGA,188,58.44457213827775,58.44457213827775,61.111111111111114,61.111111111111114,86.85839497969414,0,,,0,0,0,0,25.004699875386855
Pair47,1,ENSE00003699796-ENSE00003701891,does NOT detect: ENST00000463591,GAGAACGCACCAGTGAGC,CTCTGTTCGCGTTGATGCTT,183,58.44457213827775,58.44457213827775,61.111111111111114,61.111111111111114,86.91301072204968,0,,,0,0,0,0,26.467840626417672
Pair54,1,ENSE00003701891-ENSE00003698226,does NOT detect: ENST00000463591,GGTCCTCACGAACCACCTG,GCATGTCCGCCCGTTTC,170,60.004917994046764,60.004917994046764,63.1578947368421,63.1578947368421,85.91239998595196,0,,,0,0,0,0,86.77779856232831
Pair55,1,ENSE00003701891-ENSE00003698226,does NOT detect: ENST00000463591,CCGGGGTCCTCACGAAC,ATGTCCGCCCGTTTCTCTG,172,59.354918732438534,59.354918732438534,70.58823529411765,70.58823529411765,86.18620299552788,0,,,0,0,0,0,94.3496111601452
Pair57,1,ENSE00003701891-ENSE00003698226,does NOT detect: ENST00000463591,GGTCCTCACGAACCACCT,GCATGTCCGCCCGTTTC,170,58.53193677356239,58.53193677356239,61.111111111111114,61.111111111111114,85.91239998595196,0,,,0,0,0,0,98.54720349447963
Pair58,1,ENSE00003701891-ENSE00003698226,does NOT detect: ENST00000463591,CCGGGGTCCTCACGAAC,GTCCGCCCGTTTCTCTGTT,170,59.354918732438534,59.354918732438534,70.58823529411765,70.58823529411765,86.39475292712844,0,,,0,0,0,0,100.0
