pair_num,option,junction,junction_description,forward,reverse,amplicon_size,forward_tm,reverse_tm,forward_gc,reverse_gc,amplicon_tm,pair_penalty,indiv_als,other_transcripts,other_genes,pcod_trans,pcod_genes
Pair6,1,ENSE00001069702-ENSE00001069694,does NOT detect: ENST00000494100,GCAGCTCCTTATAGAGGCGA,AGCAATGGGAAACTTGTGGAG,196,59.037511251219655,59.037511251219655,55.0,55.0,85.06149962580791,1.2795538105737023,0,,,0,0
Pair7,1,ENSE00001069702-ENSE00001069694,does NOT detect: ENST00000494100,GCAGCTCCTTATAGAGGCGA,AGCAATGGGAAACTTGTGGA,196,59.037511251219655,59.037511251219655,55.0,55.0,85.06149962580791,1.4175753685080394,0,,,0,0
Pair8,1,ENSE00001069702-ENSE00001069694,does NOT detect: ENST00000494100,TCAGCCACTGCAGACTGATT,AGCAATGGGAAACTTGTGGAG,170,59.31094534425597,59.31094534425597,50.0,50.0,84.22416469183432,1.552987903610017,0,,,0,0
Pair9,1,ENSE00001069702-ENSE00001069694,does NOT detect: ENST00000494100,TGCAGCTCCTTATAGAGGCG,AGCAATGGGAAACTTGTGGAG,197,59.32381555986558,59.32381555986558,55.0,55.0,84.9772253069433,1.5658581192196266,0,,,0,0
Pair10,1,ENSE00001069702-ENSE00001069694,does NOT detect: ENST00000494100,TCAGCCACTGCAGACTGATT,AGCAATGGGAAACTTGTGGA,170,59.31094534425597,59.31094534425597,50.0,50.0,84.22416469183432,1.691009461544354,0,,,0,0
Pair11,1,ENSE00001069702-ENSE00001069694,does NOT detect: ENST00000494100,TGCAGCTCCTTATAGAGGCG,AGCAATGGGAAACTTGTGGA,197,59.32381555986558,59.32381555986558,55.0,55.0,84.9772253069433,1.7038796771539635,0,,,0,0
Pair30,1,ENSE00003498984-ENSE00003510829,does NOT detect: ENST00000494100,TCTCATGTTGGGCAGTGTCT,TCTACCAGTTTCATCTGATGGAAA,211,58.94090198098343,58.94090198098343,50.0,50.0,87.96182847772782,5.432103083215566,0,,,0,0
Pair31,1,ENSE00003498984-ENSE00003510829,does NOT detect: ENST00000494100,ATTTTCATCGGCCCCTCTGA,TCTACCAGTTTCATCTGATGGAAA,189,59.08101667836036,59.08101667836036,50.0,50.0,87.84570219572475,5.454021742559348,0,,,0,0
Pair32,1,ENSE00003498984-ENSE00003510829,does NOT detect: ENST00000494100,CCCCTCTGAAGCCTGAATGA,TCTACCAGTTTCATCTGATGGAAA,178,59.08535645071203,59.08535645071203,55.0,55.0,88.12238015779599,5.458361514911019,0,,,0,0
Pair33,1,ENSE00003498984-ENSE00003510829,does NOT detect: ENST00000494100,CTCATGTTGGGCAGTGTCTG,TCTACCAGTTTCATCTGATGGAAA,210,58.83730181949534,58.83730181949534,55.0,55.0,88.05469690471946,5.535703244703655,0,,,0,0
Pair34,1,ENSE00003498984-ENSE00003510829,does NOT detect: ENST00000494100,TTTTCATCGGCCCCTCTGAA,TCTACCAGTTTCATCTGATGGAAA,188,59.30407623771049,59.30407623771049,50.0,50.0,87.94882051160904,5.677081301909482,0,,,0,0
Pair35,1,ENSE00003498984-ENSE00003510829,does NOT detect: ENST00000494100,AGCCCCAGATCTCATGTTGG,TCTACCAGTTTCATCTGATGGAAA,220,59.450049812658335,59.450049812658335,55.0,55.0,88.28218608220864,5.823054876857327,0,,,0,0
Pair60,1,ENSE00003575113-ENSE00003607869,does NOT detect: ENST00000494100,GCCCTGCTGGTTTTGGTTTA,GGGATGCTCAGGTTGCAAAT,189,58.95538922414613,58.95538922414613,50.0,50.0,83.07321542323798,0.2334733764677139,0,,,0,0
Pair61,1,ENSE00003575113-ENSE00003607869,does NOT detect: ENST00000494100,TGGGAGATAGCAGCACTCTC,GGGATGCTCAGGTTGCAAAT,216,58.59206433979972,58.59206433979972,55.0,55.0,84.28353288355545,0.5967982608141256,0,,,0,0
Pair62,1,ENSE00003575113-ENSE00003607869,does NOT detect: ENST00000494100,CTGGGAGATAGCAGCACTCT,GGGATGCTCAGGTTGCAAAT,217,58.5879213632013,58.5879213632013,55.0,55.0,84.39955097537998,0.6009412374125418,0,,,0,0
Pair63,1,ENSE00003575113-ENSE00003607869,does NOT detect: ENST00000494100,GGAGATAGCAGCACTCTCGG,GGGATGCTCAGGTTGCAAAT,214,59.68632811089276,59.68632811089276,60.0,60.0,84.23983264125708,0.8751907115066047,0,,,0,0
Pair64,1,ENSE00003575113-ENSE00003607869,does NOT detect: ENST00000494100,GGGAGATAGCAGCACTCTCG,GGGATGCTCAGGTTGCAAAT,215,59.68632811089276,59.68632811089276,60.0,60.0,84.35713322808603,0.8751907115066047,0,,,0,0
Pair65,1,ENSE00003575113-ENSE00003607869,does NOT detect: ENST00000494100,GGTTTAGTTCCCATGGACGG,GGGATGCTCAGGTTGCAAAT,175,58.25353009044977,58.25353009044977,55.0,55.0,82.36803023805281,0.9353325101640736,0,,,0,0
Pair72,1,ENSE00003607869-ENSE00003686893,does NOT detect: ENST00000494100,ACAGGCTTACCATATACACTTGAA,TACTCCCCAGCCTTCCAAAG,192,57.6919847270994,57.6919847270994,37.5,37.5,85.83445880948138,5.316095258193229,0,,,0,0
Pair73,1,ENSE00003607869-ENSE00003686893,does NOT detect: ENST00000494100,ACAGGCTTACCATATACACTTGAA,CTTTACTCCCCAGCCTTCCA,195,57.6919847270994,57.6919847270994,37.5,37.5,85.7774075274301,5.316095258193229,0,,,0,0
Pair74,1,ENSE00003607869-ENSE00003686893,does NOT detect: ENST00000494100,TGAGTGGCCGAGGAATTCTT,TTCAAGTGTATATGGTAAGCCTGT,170,59.01576965567136,59.01576965567136,50.0,50.0,84.22416469183432,5.323784928571968,0,,,0,0
Pair75,1,ENSE00003607869-ENSE00003686893,does NOT detect: ENST00000494100,CAGCATCACTCTGGTTTCGG,TTCAAGTGTATATGGTAAGCCTGT,227,58.918108393376826,58.918108393376826,55.0,55.0,84.60042797247698,5.389906879523778,0,,,0,0
Pair76,1,ENSE00003607869-ENSE00003686893,does NOT detect: ENST00000494100,AGCATCACTCTGGTTTCGGT,TTCAAGTGTATATGGTAAGCCTGT,226,59.31264588352093,59.31264588352093,50.0,50.0,84.4904322608088,5.620661156421534,0,,,0,0
Pair77,1,ENSE00003607869-ENSE00003686893,does NOT detect: ENST00000494100,ACAGGCTTACCATATACACTTGAA,AAGCAAGAAAGTCCACCTGC,230,57.6919847270994,57.6919847270994,37.5,37.5,87.06380663556834,5.630457533637355,0,,,0,0
Pair84,1,ENSE00003686893-ENSE00003652660,does NOT detect: ENST00000494100,TGTCCTTTTACCAGGAGGCA,AACCAAATCCAGAGGCTCCA,170,58.55938190741006,58.55938190741006,50.0,50.0,89.04769410359901,0.5162192973815536,0,,,0,0
Pair85,1,ENSE00003686893-ENSE00003652660,does NOT detect: ENST00000494100,TGTCCTTTTACCAGGAGGCA,CCCAGACAACAGCCCAAATC,208,58.55938190741006,58.55938190741006,50.0,50.0,89.03157419409675,0.5499352200712337,0,,,0,0
Pair88,1,ENSE00003686893-ENSE00003652660,does NOT detect: ENST00000494100,TGTCCTTTTACCAGGAGGCA,CCAGGCCTTGATTATGAGCC,237,58.55938190741006,58.55938190741006,50.0,50.0,89.28224361960795,1.0544537900409523,0,,,0,0
Pair102,1,ENSE00003477200-ENSE00003619380,does NOT detect: ENST00000494100,AGCACTGAGTGTAGCCTTCC,TGCTGATAGTGATGGATGGACT,170,59.38931325445594,59.38931325445594,55.0,55.0,84.70651763301079,2.701303149268881,0,,,0,0
Pair103,1,ENSE00003477200-ENSE00003619380,does NOT detect: ENST00000494100,GGAGCACTGAGTGTAGCCTT,TGCTGATAGTGATGGATGGACT,172,59.38931325445594,59.38931325445594,55.0,55.0,84.9943425304116,2.701303149268881,0,,,0,0
Pair104,1,ENSE00003477200-ENSE00003619380,does NOT detect: ENST00000494100,TTGGGAGCACTGAGTGTAGC,TGCTGATAGTGATGGATGGACT,175,59.67832920287589,59.67832920287589,55.0,55.0,84.94517309519566,2.990319097688825,0,,,0,0
Pair105,1,ENSE00003477200-ENSE00003619380,does NOT detect: ENST00000494100,GGAGCACTGAGTGTAGCCTT,GCTGATAGTGATGGATGGACTC,171,59.38931325445594,59.38931325445594,55.0,55.0,85.0910377568498,3.3134568377788582,0,,,0,0
Pair106,1,ENSE00003477200-ENSE00003619380,does NOT detect: ENST00000494100,GAGCACTGAGTGTAGCCTTC,TGCTGATAGTGATGGATGGACT,171,57.99680360271566,57.99680360271566,55.0,55.0,84.85127167497845,3.3151862920972803,0,,,0,0
Pair107,1,ENSE00003477200-ENSE00003619380,does NOT detect: ENST00000494100,TGGGAGCACTGAGTGTAGC,TGCTGATAGTGATGGATGGACT,174,59.02467327762821,59.02467327762821,57.89473684210526,57.89473684210526,85.03991857959632,3.336663172441149,0,,,0,0
Pair114,1,ENSE00003619380-ENSE00003571068,does NOT detect: ENST00000494100,CCCAGCAAGTTACGTGGAAC,TGCTCCCAATTTCTTTATGGAGT,218,59.12761244063876,59.12761244063876,55.0,55.0,84.13835789205018,4.061968017381503,0,,,0,0
Pair115,1,ENSE00003619380-ENSE00003571068,does NOT detect: ENST00000494100,CCCATCTTCTCCTGAACTCCATA,CCATTACATTGTGCTGCCTCA,182,59.030024301333526,59.030024301333526,47.82608695652174,47.82608695652174,84.76165661167917,4.123914622255825,0,,,0,0
Pair116,1,ENSE00003619380-ENSE00003571068,does NOT detect: ENST00000494100,CCCATCTTCTCCTGAACTCCATA,ACTCCATTACATTGTGCTGCC,185,59.030024301333526,59.030024301333526,47.82608695652174,47.82608695652174,84.71891826894084,4.124699524628454,0,,,0,0
Pair118,1,ENSE00003619380-ENSE00003571068,does NOT detect: ENST00000494100,CCCATCTTCTCCTGAACTCCATA,TCCATTACATTGTGCTGCCTC,183,59.030024301333526,59.030024301333526,47.82608695652174,47.82608695652174,84.67257356357973,4.398463239327157,0,,,0,0
Pair119,1,ENSE00003619380-ENSE00003571068,does NOT detect: ENST00000494100,CCCATCTTCTCCTGAACTCCATA,CTCCATTACATTGTGCTGCCT,184,59.030024301333526,59.030024301333526,47.82608695652174,47.82608695652174,84.8072848964379,4.402288701794134,0,,,0,0
